{
  "$schema": "http://json-schema.org/draft-07/schema#",
  "title": "SMEPro Business Signup Categories",
  "description": "Production-ready schema for SMEPro Business signup criteria, including top 30 industries, sub-types, and a static list for operating segments.",
  "type": "object",
  "properties": {
    "industry": {
      "type": "string",
      "enum": [
        "Technology",
        "Healthcare & Pharmaceuticals",
        "Financial Services",
        "Oil & Gas Exploration & Production",
        "Automotive Manufacturing & Sales",
        "Retail & E-commerce",
        "Real Estate & Construction",
        "Telecommunications",
        "Transportation & Logistics",
        "Energy & Utilities",
        "Agriculture & Agribusiness",
        "Food & Beverage Manufacturing",
        "Media & Entertainment",
        "Education & Training",
        "Aerospace & Defense",
        "Chemicals & Materials",
        "Hospitality & Tourism",
        "Mining & Metals",
        "Consumer Goods",
        "Biotechnology & Life Sciences",
        "Environmental Services",
        "Professional Services",
        "Government & Public Administration",
        "Nonprofit & NGOs",
        "Sports & Recreation",
        "Shipping & Maritime",
        "Electronics & Semiconductors",
        "Cloud Computing & AI Services",
        "Cybersecurity",
        "Logistics & Supply Chain Management"
      ]
    },
    "subType": { "type": "string" },
    "operatingSegment": {
      "type": "string",
      "enum": [
        "Accounting & Finance",
        "Human Resources",
        "Engineering & Design",
        "Information Technology",
        "Legal & Compliance",
        "Administrative",
        "R&D",
        "Logistics",
        "Executive Management",
        "Sales & Marketing"
      ]
    }
  },
  "required": ["industry", "subType", "operatingSegment"],
  "allOf": [
    { "if": { "properties": { "industry": { "const": "Technology" } } },
      "then": { "properties": { "subType": { "enum": ["Software Development","Cloud Services","AI/ML","Cybersecurity","Hardware","Semiconductors","IT Consulting","SaaS","Gaming","Data Analytics"] } } } },
    { "if": { "properties": { "industry": { "const": "Healthcare & Pharmaceuticals" } } },
      "then": { "properties": { "subType": { "enum": ["Hospitals","Clinics","Pharmaceuticals","Biotechnology","Medical Devices","Telemedicine","Health Insurance","Research Labs","Public Health","Wellness"] } } } },
    { "if": { "properties": { "industry": { "const": "Financial Services" } } },
      "then": { "properties": { "subType": { "enum": ["Banking","Insurance","Pension Funds","Investment Banking","Wealth Management","FinTech","Credit Unions","Payment Processing","Risk Management","Accounting Services"] } } } },
    { "if": { "properties": { "industry": { "const": "Oil & Gas Exploration & Production" } } },
      "then": { "properties": { "subType": { "enum": ["Upstream Exploration","Midstream Transport","Downstream Refining","Natural Gas","Petrochemicals","Oilfield Services","Drilling","Pipeline Operations","Energy Trading","Renewable Integration"] } } } },
    { "if": { "properties": { "industry": { "const": "Automotive Manufacturing & Sales" } } },
      "then": { "properties": { "subType": { "enum": ["OEM Manufacturing","Electric Vehicles","Parts & Components","Dealerships","Fleet Services","Aftermarket","Autonomous Vehicles","Logistics","Car Rentals","Motorsports"] } } } },
    { "if": { "properties": { "industry": { "const": "Retail & E-commerce" } } },
      "then": { "properties": { "subType": { "enum": ["Brick & Mortar","Online Retail","Wholesale","Luxury Goods","Fast Fashion","Consumer Electronics","Home Goods","Marketplace Platforms","Subscription Commerce","Omnichannel Retail"] } } } },
    { "if": { "properties": { "industry": { "const": "Real Estate & Construction" } } },
      "then": { "properties": { "subType": { "enum": ["Residential Development","Commercial Development","Industrial Construction","Property Management","Real Estate Investment","Architecture","Urban Planning","Green Building","Infrastructure Projects","Facilities Management"] } } } },
    { "if": { "properties": { "industry": { "const": "Telecommunications" } } },
      "then": { "properties": { "subType": { "enum": ["Mobile Networks","Fixed-Line Services","Broadband","Satellite Communications","VoIP","Telecom Equipment","5G Services","IoT Connectivity","Data Centers","Network Security"] } } } },
    { "if": { "properties": { "industry": { "const": "Transportation & Logistics" } } },
      "then": { "properties": { "subType": { "enum": ["Airlines","Rail","Trucking","Shipping","Warehousing","Freight Forwarding","Public Transit","Supply Chain Management","Courier Services","Last-Mile Delivery"] } } } },
    { "if": { "properties": { "industry": { "const": "Energy & Utilities" } } },
      "then": { "properties": { "subType": { "enum": ["Electric Power","Renewables","Nuclear","Hydropower","Grid Management","Energy Storage","Smart Grids","Utility Services","Energy Trading","Waste-to-Energy"] } } } },
    { "if": { "properties": { "industry": { "const": "Agriculture & Agribusiness" } } },
      "then": { "properties": { "subType": { "enum": ["Crop Production","Livestock","AgriTech","Farming Equipment","Dairy","Fisheries","Organic Farming","Agri Logistics","Food Processing","Agri Research"] } } } },
    { "if": { "properties": { "industry": { "const": "Food & Beverage Manufacturing" } } },
      "then": { "properties": { "subType": { "enum": ["Packaged Foods","Beverages","Alcoholic Drinks","Snacks","Frozen Foods","Restaurants","Catering","Food Tech","Nutritional Products","Supply Chain"] } } } },
    { "if": { "properties": { "industry": { "const": "Media & Entertainment" } } },
      "then": { "properties": { "subType": { "enum": ["Film","Television","Music","Publishing","Gaming","Streaming","Advertising","Events","Sports Media","Digital Content"] } } } },
    { "if": { "properties": { "industry": { "const": "Education & Training" } } },
      "then": { "properties": { "subType": { "enum": ["Primary Education","Secondary Education","Higher Education","Vocational Training","Online Learning","Tutoring","Corporate Training","EdTech","Research Institutes","Libraries"] } } } },
    { "if": { "properties": { "industry": { "const": "Aerospace & Defense" } } },
      "then": { "properties": { "subType": { "enum": ["Aircraft Manufacturing","Defense Contractors","Space Exploration","Military Technology","Avionics","Maintenance","Logistics","Cyber Defense","Satellites","R&D"] } } } },
    { "if": { "properties": { "industry": { "const": "Chemicals & Materials" } } },
      "then": { "properties": { "subType": { "enum": ["Petrochemicals","Plastics","Industrial Chemicals","Specialty Chemicals","Construction Materials","Metals","Composites","Nanomaterials","Recycling","Packaging Materials"] } } } },
    { "if": { "properties": { "industry": { "const": "Hospitality & Tourism" } } },
      "then": { "properties": { "subType": { "enum": ["Hotels","Resorts","Travel Agencies","Cruise Lines","Airbnb","Event Management","Theme Parks","Tour Operators","Restaurants","Eco Tourism"] } } } },
    { "if": { "properties": { "industry": { "const": "Mining & Metals" } } },
      "then": { "properties": { "subType": { "enum": ["Iron Ore","Coal","Gold","Copper","Rare Earths","Steel","Aluminum","Mining Equipment","Exploration","Sustainability"] } } } },
    { "if": { "properties": { "industry": { "const": "Consumer Goods" } } },
      "then": { "properties": { "subType": { "enum": ["Apparel","Household Products","Personal Care","Electronics","Furniture","Toys","Luxury Goods","Sports Equipment","DIY Products","Packaging"] } } } },
    { "if": { "properties": { "industry": { "const": "Biotechnology & Life Sciences" } } },
      "then": { "properties": { "subType": { "enum": ["Genomics", "Drug Discovery", "Bioinformatics", "Clinical Trials", "Medical Devices", "Cell & Gene Therapy", "Agricultural Biotech", "Industrial Biotech", "Biodefense", "Regulatory Affairs"] } } } },
    { "if": { "properties": { "industry": { "const": "Environmental Services" } } },
      "then": { "properties": { "subType": { "enum": ["Waste Management", "Recycling", "Water Treatment", "Air Quality", "Environmental Consulting", "Renewable Energy Services", "Land Remediation", "Carbon Management", "Sustainability Reporting", "Conservation"] } } } },
    { "if": { "properties": { "industry": { "const": "Professional Services" } } },
      "then": { "properties": { "subType": { "enum": ["Legal Services", "Accounting", "Management Consulting", "Marketing & Advertising", "Architectural Services", "Engineering Services", "HR Consulting", "IT Services", "Research Services", "Public Relations"] } } } },
    { "if": { "properties": { "industry": { "const": "Government & Public Administration" } } },
      "then": { "properties": { "subType": { "enum": ["Federal Government", "State Government", "Local Government", "Public Safety", "Defense", "Social Services", "Urban Planning", "Public Transport", "International Relations", "Regulatory Agencies"] } } } },
    { "if": { "properties": { "industry": { "const": "Nonprofit & NGOs" } } },
      "then": { "properties": { "subType": { "enum": ["Humanitarian Aid", "Environmental", "Healthcare", "Education", "Arts & Culture", "Animal Welfare", "Social Advocacy", "Community Development", "Foundations", "International Development"] } } } },
    { "if": { "properties": { "industry": { "const": "Sports & Recreation" } } },
      "then": { "properties": { "subType": { "enum": ["Professional Sports", "Fitness Centers", "Sporting Goods", "Outdoor Recreation", "Esports", "Event Management", "Sports Marketing", "Amateur Sports", "Betting & Gaming", "Stadium Operations"] } } } },
    { "if": { "properties": { "industry": { "const": "Shipping & Maritime" } } },
      "then": { "properties": { "subType": { "enum": ["Container Shipping", "Bulk Carriers", "Tankers", "Port Operations", "Maritime Law", "Shipbuilding", "Cruise Lines", "Logistics", "Maritime Security", "Offshore Services"] } } } },
    { "if": { "properties": { "industry": { "const": "Electronics & Semiconductors" } } },
      "then": { "properties": { "subType": { "enum": ["Semiconductor Manufacturing", "Consumer Electronics", "Industrial Electronics", "Electronic Components", "Embedded Systems", "Robotics", "Telecommunications Equipment", "Printed Circuit Boards (PCBs)", "Optoelectronics", "Sensors"] } } } },
    { "if": { "properties": { "industry": { "const": "Cloud Computing & AI Services" } } },
      "then": { "properties": { "subType": { "enum": ["IaaS", "PaaS", "SaaS", "AI Development", "Machine Learning Platforms", "Data Analytics", "Cloud Storage", "DevOps", "Cybersecurity", "Cloud Consulting"] } } } },
    { "if": { "properties": { "industry": { "const": "Cybersecurity" } } },
      "then": { "properties": { "subType": { "enum": ["Network Security", "Endpoint Security", "Cloud Security", "Application Security", "Identity & Access Management", "Threat Intelligence", "Security Consulting", "Managed Security Services (MSSP)", "Data Loss Prevention (DLP)", "Compliance"] } } } },
    { "if": { "properties": { "industry": { "const": "Logistics & Supply Chain Management" } } },
      "then": { "properties": { "subType": { "enum": ["Warehousing", "Transportation Management", "Inventory Management", "Procurement", "Freight Forwarding", "Last-Mile Delivery", "Reverse Logistics", "Supply Chain Consulting", "Logistics Technology", "Cold Chain"] } } } }
  ]
}