{
  "$schema": "http://json-schema.org/draft-07/schema#",
  "title": "SMEPro Solo Signup Categories",
  "description": "Production-ready schema for SMEPro Solo signup criteria, including categories, sub-categories, and a static list of objectives.",
  "type": "object",
  "properties": {
    "category": {
      "type": "string",
      "enum": [
        "Entertainment & Creative Arts",
        "Professional Services",
        "Entrepreneurship & Startups",
        "Education & Knowledge Work",
        "Lifestyle & Independent Professions"
      ]
    },
    "subCategory": { "type": "string" },
    "objective": {
      "type": "string",
      "enum": [
        "Launch Portfolio",
        "Build Audience",
        "Monetize Skills",
        "Automate Workflows",
        "Learn & Practice"
      ]
    }
  },
  "required": ["category", "subCategory", "objective"],
  "allOf": [
    {
      "if": { "properties": { "category": { "const": "Entertainment & Creative Arts" } } },
      "then": { "properties": { "subCategory": { "enum": ["Music", "Visual Arts", "Film & Video", "Performing Arts", "Fashion & Design", "Writing & Publishing"] } } }
    },
    {
      "if": { "properties": { "category": { "const": "Professional Services" } } },
      "then": { "properties": { "subCategory": { "enum": ["Management Consulting", "Freelance Tech & Development", "Legal & Compliance Services", "Financial Advisory"] } } }
    },
    {
      "if": { "properties": { "category": { "const": "Entrepreneurship & Startups" } } },
      "then": { "properties": { "subCategory": { "enum": ["Startup Founder", "E-commerce Entrepreneur", "Social Enterprise", "Innovation & Tech Commercialization"] } } }
    },
    {
      "if": { "properties": { "category": { "const": "Education & Knowledge Work" } } },
      "then": { "properties": { "subCategory": { "enum": ["Tutoring & Coaching", "Digital Content Creation", "Independent Research & Writing"] } } }
    },
    {
      "if": { "properties": { "category": { "const": "Lifestyle & Independent Professions" } } },
      "then": { "properties": { "subCategory": { "enum": ["Health & Wellness Coaching", "Culinary Arts", "Artisan Crafts & Trades", "Professional Photography"] } } }
    }
  ]
}